{
  "train_loss": [
    16.2333274342797,
    12.271990938817174,
    11.368357214060696
  ],
  "train_kd": [
    23.302652521665433,
    19.382094262355615,
    17.748151566174403
  ],
  "train_ce": [
    8.116405508932003,
    7.4550178829303455,
    7.333838186382263
  ],
  "train_hid": [
    21.470724417355434,
    3.444311540333693,
    2.941226977208429
  ],
  "train_att": [
    6.905438782900287e-05,
    7.159868944519294e-05,
    7.143208915129601e-05
  ],
  "train_ppl": [
    1671.9406916074577,
    723.6116036691773,
    620.6344806715249
  ],
  "train_acc": [
    0.16125339646477344,
    0.26509270589213724,
    0.2855670227430576
  ],
  "train_lr": [
    4.277797172522456e-05,
    2.7366101850823374e-05,
    4.855926423952077e-06
  ],
  "val_loss": [
    10.475025768790927,
    9.8429763889932,
    9.658628475743456
  ],
  "val_ppl": [
    1076.2321471282037,
    770.9787493103435,
    732.6246994999244
  ],
  "val_acc": [
    0.23286688211676362,
    0.27485442330891435,
    0.2805108852418406
  ]
}